{"cameraMode":{"drawMode":0,"name":"Shaded","section":"Shading Mode"},"sceneLighting":true,"audioPlay":false,"sceneViewState":{"showFog":true,"showMaterialUpdate":false,"showSkybox":true,"showFlares":true,"showImageEffects":true,"showParticleSystems":true},"in2DMode":false,"pivot":{"x":331.5150146484375,"y":311.1500244140625,"z":0.0},"rotation":{"x":-0.06416060030460358,"y":-0.012576297856867314,"z":0.000808903481811285,"w":-0.9978617429733276},"size":123.5699462890625,"orthographic":false}